Наименование,Цена,Ссылка
Подвесной светильник Сансет Black,8390руб.,https://www.divan.ru/blagoveshchensk/product/podvesnoj-svetilnik-sanset-black
Торшер Билли Black,27 570руб.,https://www.divan.ru/blagoveshchensk/product/torsher-billi-black
Подвесной светильник Бабл-9,27 990руб.,https://www.divan.ru/blagoveshchensk/product/podvesnoj-svetilnik-babl-9
Торшер Бабл-1,9790руб.,https://www.divan.ru/blagoveshchensk/product/torsher-babl-1
Подвесной светильник Бабл-3,9790руб.,https://www.divan.ru/blagoveshchensk/product/podvesnoj-svetilnik-babl-3
Бра Бабл Black,2790руб.,https://www.divan.ru/blagoveshchensk/product/bra-babl-black
Настольная лампа Дэнди Black,5590руб.,https://www.divan.ru/blagoveshchensk/product/nastolnaya-lampa-dendi-black
Настольная лампа Дэнди White,5590руб.,https://www.divan.ru/blagoveshchensk/product/nastolnaya-lampa-dendi-white
Торшер Варио White,8390руб.,https://www.divan.ru/blagoveshchensk/product/torsher-vario-white
Бра Варио Black,2090руб.,https://www.divan.ru/blagoveshchensk/product/bra-vario-black
Бра Варио White,2090руб.,https://www.divan.ru/blagoveshchensk/product/bra-vario-white
Подвесной светильник Сансет White,8390руб.,https://www.divan.ru/blagoveshchensk/product/podvesnoj-svetilnik-sanset-white
Подвесной светильник Кэндел Black,5590руб.,https://www.divan.ru/blagoveshchensk/product/podvesnoj-svetilnik-kendel-black
Подвесной светильник Кэндел White,5590руб.,https://www.divan.ru/blagoveshchensk/product/podvesnoj-svetilnik-kendel-white
Торшер Вена Black,16 790руб.,https://www.divan.ru/blagoveshchensk/product/torsher-vena-black
Настольная лампа Гровер Glass,8390руб.,https://www.divan.ru/blagoveshchensk/product/nastolnaya-lampa-grover-glass
Настольная лампа Спайк Green,1390руб.,https://www.divan.ru/blagoveshchensk/product/nastolnaya-lampa-spajk-green
Настольная лампа Рэй Black,5030руб.,https://www.divan.ru/blagoveshchensk/product/nastolnaya-lampa-rej-black
Торшер Рэй White,7830руб.,https://www.divan.ru/blagoveshchensk/product/torsher-rej-white
Торшер Мун Black,12 590руб.,https://www.divan.ru/blagoveshchensk/product/torsher-mun-black
Торшер Варио Black,8390руб.,https://www.divan.ru/blagoveshchensk/product/torsher-vario-black
Настольная лампа Раффи Round,10 070руб.,https://www.divan.ru/blagoveshchensk/product/nastolnaya-lampa-raffi-round
Торшер Гросс White,11 190руб.,https://www.divan.ru/blagoveshchensk/product/torsher-gross-white
Бра Moderli Alina,4470руб.,https://www.divan.ru/blagoveshchensk/product/bra-moderli-alina
Подвесной светильник Маро Green,13 990руб.,https://www.divan.ru/blagoveshchensk/product/podvesnoj-svetilnik-maro-green
Настольная лампа Машрум Grey,6430руб.,https://www.divan.ru/blagoveshchensk/product/nastolnaya-lampa-mashrum-grey
Настольная лампа Рэй White,5030руб.,https://www.divan.ru/blagoveshchensk/product/nastolnaya-lampa-rej-white
Светильник потолочный Matthew,7970руб.,https://www.divan.ru/blagoveshchensk/product/svetilnik-potolochnyj-matthew
Спот Лайт-1 Black,3770руб.,https://www.divan.ru/blagoveshchensk/product/spot-lajt-1-black
Настольная лампа Сфера Black,7550руб.,https://www.divan.ru/blagoveshchensk/product/nastolnaya-lampa-sfera-black
Люстра Монти-3 White,16 090руб.,https://www.divan.ru/blagoveshchensk/product/lyustra-monti-3-white
Бра Galdakao-1,9230руб.,https://www.divan.ru/blagoveshchensk/product/bra-galdakao
Подвесной светильник Tureis,5450руб.,https://www.divan.ru/blagoveshchensk/product/podvesnoj-svetilnik-tureis
Люстра Монти-5 White,24 070руб.,https://www.divan.ru/blagoveshchensk/product/lyustra-monti-5-white
Подвесной светильник Лиму-3 Black,7830руб.,https://www.divan.ru/blagoveshchensk/product/podvesnoj-svetilnik-limu-3-black
Торшер Билли White,27 570руб.,https://www.divan.ru/blagoveshchensk/product/torsher-billi-white
Бра Cornus Silver,7830руб.,https://www.divan.ru/blagoveshchensk/product/bra-cornus-silver
Спот Олден Brown,1530руб.,https://www.divan.ru/blagoveshchensk/product/spot-olden-brown
Бра Куб White,3070руб.,https://www.divan.ru/blagoveshchensk/product/bra-kub-white
Ландшафтный светильник Визор Black,6290руб.,https://www.divan.ru/blagoveshchensk/product/landshaftnyj-svetilnik-vizor-black
Бра Bolla-Unica,7410руб.,https://www.divan.ru/blagoveshchensk/product/bra-bolla-unica
Люстра Леон-5 Black,15 810руб.,https://www.divan.ru/blagoveshchensk/product/lyustra-leon-5-black
Настольная лампа Мист Black,7830руб.,https://www.divan.ru/blagoveshchensk/product/nastolnaya-lampa-mist-black
Настольная лампа Palla Grey,19 030руб.,https://www.divan.ru/blagoveshchensk/product/nastolnaya-lampa-palla-grey
Подвесной светильник Фаро-3 White,9090руб.,https://www.divan.ru/blagoveshchensk/product/podvesnoj-svetilnik-faro-3-white
Люстра Нейва-4 Black,9510руб.,https://www.divan.ru/blagoveshchensk/product/lyustra-nejva-4-black
Люстра Альби-6 Black,6570руб.,https://www.divan.ru/blagoveshchensk/product/lyustra-albi-6-black
Бра Лима Black,3350руб.,https://www.divan.ru/blagoveshchensk/product/bra-lima-black
